{
  "mean": [
    258.08642578125,
    40.786460876464844,
    89.04715728759766,
    57.30704116821289
  ],
  "std": [
    853.4794311523438,
    122.76042175292969,
    375.67401123046875,
    165.37606811523438
  ]
}